Table S18. Utilization of trace metals and vitamins,,,,,,,,,,,,,,,,,,,,,,,,,,,,,,,,
#Strain,Habitat,BlmFreq,BlmType,ctaA,pacS,Atx,copABC,cueO,fhuBDC,fecBEDC1,futCBA,fecBED2,fecEDB3,futA1A2BC,feoAB,feoC,sufBCD,sfuA,sfuB,sfuC,mntABC,mgtACE,corA,corC,nikMNOQ,nikABCDE,btuFCD,bioYMN,pnuX,impX,slr0642,pnuC
Anabaena_cylindrica_PCC_7122,F,64,F,1|s,5|s,0|s,1|3|9|A4B4C1,0|s,0|3|1|B0C1D0,1|4|7|B2C1D1E3,0|3|3|A0B0C3,1|3|4|B1D1E2,1|3|3|B1D1E1,0|4|0|A0B0C0D0,0|2|0|A0B0,0|s,1|3|3|B1C1D1,0|s,0|s,0|s,2|3|7|A2B2C3,0|3|3|A2C0E1,0|s,3|s,0|4|3|M1N0O2Q0,1|5|14|A1B2C2D4E5,0|3|2|C0D2F0,0|3|1|M1N0Y0,0|s,0|s,1|s,1|s
Anabaena_sp._90,F,64,F,1|s,2|s,0|s,0|3|3|A1B2C0,0|s,0|3|0|B0C0D0,0|4|0|B0C0D0E0,0|3|1|A0B0C1,0|3|0|B0D0E0,0|3|0|B0D0E0,0|4|1|A0B0C1D0,0|2|0|A0B0,0|s,1|3|4|B1C2D1,0|s,0|s,0|s,2|3|7|A2B2C3,0|3|4|A3C0E1,1|s,2|s,0|4|4|M1N0O3Q0,2|5|10|A2B2C2D2E2,0|3|1|C0D1F0,0|3|0|M0N0Y0,0|s,0|s,1|s,0|s
Anabaena_sp._PCC_7108,M,64,F,1|s,4|s,0|s,0|3|4|A2B2C0,0|s,0|3|0|B0C0D0,0|4|1|B0C0D0E1,0|3|3|A0B0C3,1|3|5|B1D1E3,1|3|3|B1D1E1,0|4|0|A0B0C0D0,1|2|2|A1B1,0|s,1|3|3|B1C1D1,0|s,0|s,0|s,2|3|7|A2B2C3,1|3|4|A2C1E1,1|s,2|s,0|4|4|M1N0O3Q0,2|5|10|A2B2C2D2E2,0|3|1|C0D1F0,0|3|0|M0N0Y0,0|s,0|s,1|s,0|s
Anabaena_variabilis_ATCC_29413,F,64,F,1|s,4|s,0|s,0|3|5|A2B3C0,1|s,1|3|3|B1C1D1,0|4|1|B0C0D0E1,0|3|2|A0B0C2,1|3|6|B1D2E3,1|3|4|B1D1E2,0|4|1|A0B0C1D0,1|2|2|A1B1,0|s,1|3|4|B1C2D1,0|s,0|s,0|s,2|3|9|A3B2C4,2|3|13|A9C2E2,0|s,2|s,0|4|4|M1N0O3Q0,4|5|24|A5B5C5D5E4,0|3|2|C0D2F0,0|3|0|M0N0Y0,0|s,0|s,1|s,0|s
Aphanizomenon_flos-aquae_2012/KM/D3,F,46,F,1|s,2|s,0|s,0|3|3|A1B2C0,0|s,0|3|0|B0C0D0,0|4|0|B0C0D0E0,0|3|3|A0B0C3,0|3|2|B0D0E2,1|3|4|B1D1E2,0|4|0|A0B0C0D0,0|2|1|A0B1,0|s,0|3|2|B0C2D0,0|s,0|s,0|s,1|3|5|A2B1C2,0|3|3|A2C0E1,1|s,3|s,0|4|6|M2N0O4Q0,0|5|7|A1B2C0D2E2,0|3|0|C0D0F0,0|3|0|M0N0Y0,0|s,0|s,1|s,0|s
Aphanizomenon_flos-aquae_NIES-81,F,46,F,1|s,2|s,0|s,0|3|3|A1B2C0,0|s,0|3|0|B0C0D0,0|4|0|B0C0D0E0,0|3|2|A0B0C2,0|3|0|B0D0E0,0|3|2|B0D0E2,0|4|0|A0B0C0D0,0|2|0|A0B0,0|s,1|3|4|B1C2D1,0|s,0|s,0|s,2|3|7|A2B2C3,0|3|4|A3C0E1,1|s,2|s,0|4|3|M1N0O2Q0,1|5|9|A1B2C2D2E2,0|3|1|C0D1F0,0|3|0|M0N0Y0,0|s,0|s,1|s,0|s
Arthrospira_platensis_C1,A,1,O,1|s,1|s,0|s,0|3|5|A3B2C0,0|s,0|3|0|B0C0D0,0|4|1|B0C0D0E1,1|3|5|A2B1C2,0|3|0|B0D0E0,0|3|1|B0D0E1,0|4|2|A0B0C2D0,0|2|2|A0B2,0|s,1|3|3|B1C1D1,0|s,0|s,0|s,1|3|5|A2B2C1,1|3|4|A1C1E2,0|s,2|s,0|4|6|M1N0O4Q1,2|5|16|A3B3C3D2E5,0|3|0|C0D0F0,0|3|0|M0N0Y0,0|s,0|s,1|s,0|s
Calothrix_sp._PCC_6303,F,0,N,1|s,2|s,0|s,1|3|9|A3B5C1,0|s,0|3|1|B0C1D0,1|4|4|B1C1D1E1,0|3|4|A0B0C4,2|3|7|B2D2E3,1|3|3|B1D1E1,0|4|0|A0B0C0D0,0|2|0|A0B0,0|s,1|3|5|B1C3D1,0|s,0|s,0|s,1|3|4|A1B1C2,0|3|5|A4C0E1,0|s,2|s,0|4|4|M1N0O3Q0,2|5|11|A2B2C2D2E3,0|3|1|C0D1F0,0|3|2|M2N0Y0,0|s,0|s,1|s,0|s
Calothrix_sp._PCC_7103,F,0,N,1|s,7|s,0|s,2|3|20|A10B8C2,0|s,0|3|1|B0C1D0,1|4|6|B3C1D1E1,0|3|3|A0B0C3,1|3|5|B2D1E2,0|3|2|B1D1E0,0|4|1|A0B0C1D0,0|2|2|A0B2,0|s,1|3|6|B1C4D1,0|s,0|s,0|s,3|3|10|A3B3C4,0|3|9|A7C0E2,1|s,3|s,0|4|6|M1N0O5Q0,3|5|17|A5B3C3D3E3,0|3|1|C0D1F0,0|3|0|M0N0Y0,0|s,0|s,2|s,1|s
Calothrix_sp._PCC_7507,F,0,N,1|s,3|s,0|s,1|3|9|A4B4C1,0|s,0|3|0|B0C0D0,0|4|1|B0C0D0E1,0|3|3|A0B0C3,1|3|4|B1D1E2,1|3|3|B1D1E1,0|4|0|A0B0C0D0,0|2|0|A0B0,0|s,1|3|5|B1C3D1,0|s,0|s,0|s,1|3|4|A1B1C2,1|3|4|A2C1E1,0|s,2|s,0|4|4|M1N0O3Q0,2|5|12|A2B2C2D3E3,0|3|1|C0D1F0,0|3|1|M1N0Y0,0|s,0|s,1|s,0|s
Chamaesiphon_minutus_PCC_6605,F,0,N,1|s,12|s,0|s,4|3|17|A7B6C4,2|s,0|3|0|B0C0D0,1|4|4|B1C1D1E1,0|3|3|A0B0C3,1|3|5|B1D1E3,1|3|3|B1D1E1,0|4|0|A0B0C0D0,0|2|0|A0B0,0|s,1|3|4|B1C2D1,0|s,0|s,0|s,2|3|6|A2B2C2,0|3|8|A7C0E1,0|s,2|s,0|4|2|M0N0O2Q0,2|5|11|A2B2C2D2E3,0|3|1|C0D1F0,0|3|3|M3N0Y0,1|s,0|s,1|s,0|s
Crocosphaera_watsonii_WH_0003,M,0,N,1|s,2|s,0|s,1|3|5|A2B2C1,0|s,0|3|0|B0C0D0,0|4|0|B0C0D0E0,0|3|0|A0B0C0,0|3|1|B0D0E1,0|3|0|B0D0E0,0|4|2|A0B1C1D0,0|2|1|A1B0,0|s,1|3|4|B1C2D1,0|s,0|s,0|s,3|3|9|A3B3C3,0|3|3|A1C0E2,1|s,3|s,0|4|5|M1N0O4Q0,2|5|14|A3B3C3D3E2,0|3|1|C0D1F0,0|3|1|M1N0Y0,0|s,0|s,1|s,0|s
Crocosphaera_watsonii_WH_0005,M,0,N,1|s,2|s,0|s,0|3|2|A1B0C1,0|s,0|3|0|B0C0D0,0|4|0|B0C0D0E0,0|3|0|A0B0C0,0|3|1|B0D0E1,0|3|0|B0D0E0,0|4|1|A0B1C0D0,0|2|0|A0B0,0|s,1|3|3|B1C1D1,0|s,0|s,0|s,2|3|7|A2B2C3,0|3|1|A0C0E1,1|s,3|s,0|4|5|M1N0O4Q0,0|5|9|A0B3C2D3E1,0|3|1|C0D1F0,0|3|0|M0N0Y0,0|s,0|s,1|s,0|s
Crocosphaera_watsonii_WH_0401,M,0,N,1|s,2|s,0|s,0|3|1|A0B1C0,0|s,0|3|0|B0C0D0,0|4|0|B0C0D0E0,0|3|0|A0B0C0,0|3|1|B0D0E1,0|3|0|B0D0E0,0|4|1|A0B1C0D0,0|2|1|A1B0,0|s,1|3|4|B1C2D1,0|s,0|s,0|s,3|3|9|A3B3C3,0|3|3|A1C0E2,1|s,3|s,0|4|5|M1N0O4Q0,1|5|10|A2B3C3D1E1,0|3|1|C0D1F0,0|3|1|M1N0Y0,0|s,0|s,1|s,0|s
Crocosphaera_watsonii_WH_0402,M,0,N,1|s,1|s,0|s,1|3|3|A1B1C1,0|s,0|3|0|B0C0D0,0|4|0|B0C0D0E0,0|3|0|A0B0C0,0|3|1|B0D0E1,0|3|0|B0D0E0,0|4|1|A0B1C0D0,0|2|1|A1B0,0|s,1|3|4|B1C2D1,0|s,0|s,0|s,2|3|8|A2B3C3,0|3|3|A1C0E2,1|s,3|s,0|4|4|M1N0O3Q0,2|5|11|A2B3C2D2E2,0|3|1|C0D1F0,0|3|1|M1N0Y0,0|s,0|s,1|s,0|s
Crocosphaera_watsonii_WH_8501,M,0,N,1|s,2|s,0|s,0|3|2|A1B1C0,0|s,0|3|0|B0C0D0,0|4|0|B0C0D0E0,0|3|0|A0B0C0,0|3|1|B0D0E1,0|3|0|B0D0E0,0|4|2|A0B1C1D0,0|2|1|A1B0,0|s,1|3|4|B1C2D1,0|s,0|s,0|s,3|3|9|A3B3C3,0|3|3|A1C0E2,0|s,3|s,0|4|5|M1N0O4Q0,1|5|9|A2B2C3D1E1,0|3|0|C0D0F0,0|3|1|M1N0Y0,0|s,0|s,1|s,0|s
Crocosphaera_watsonii_WH_8502,M,0,N,1|s,1|s,0|s,0|3|2|A0B2C0,0|s,0|3|0|B0C0D0,0|4|0|B0C0D0E0,0|3|0|A0B0C0,0|3|1|B0D0E1,0|3|0|B0D0E0,0|4|0|A0B0C0D0,0|2|0|A0B0,0|s,1|3|4|B1C2D1,0|s,0|s,0|s,3|3|9|A3B3C3,0|3|2|A0C0E2,0|s,3|s,0|4|5|M1N0O4Q0,0|5|6|A2B2C2D0E0,0|3|1|C0D1F0,0|3|0|M0N0Y0,0|s,0|s,1|s,0|s
Cyanothece_sp._ATCC_51142,M,3,O,1|s,3|s,0|s,0|3|11|A6B5C0,0|s,0|3|0|B0C0D0,0|4|0|B0C0D0E0,0|3|1|A0B0C1,0|3|0|B0D0E0,0|3|0|B0D0E0,0|4|3|A1B1C1D0,0|2|1|A0B1,0|s,1|3|5|B1C3D1,0|s,0|s,0|s,4|3|12|A4B4C4,1|3|12|A9C1E2,1|s,4|s,0|4|5|M1N0O4Q0,3|5|15|A3B3C3D3E3,0|3|1|C0D1F0,0|3|1|M1N0Y0,0|s,0|s,1|s,0|s
Cyanothece_sp._ATCC_51472,M,3,O,1|s,3|s,0|s,0|3|11|A6B5C0,0|s,0|3|0|B0C0D0,0|4|0|B0C0D0E0,0|3|1|A0B0C1,0|3|0|B0D0E0,0|3|0|B0D0E0,0|4|3|A1B1C1D0,0|2|1|A0B1,0|s,1|3|5|B1C3D1,0|s,0|s,0|s,4|3|12|A4B4C4,1|3|12|A9C1E2,1|s,4|s,0|4|5|M1N0O4Q0,3|5|15|A3B3C3D3E3,0|3|1|C0D1F0,0|3|1|M1N0Y0,0|s,0|s,1|s,0|s
Cyanothece_sp._PCC_7425,F,3,O,2|s,5|s,0|s,1|3|18|A8B9C1,2|s,0|3|0|B0C0D0,2|4|10|B4C2D2E2,0|3|3|A0B0C3,0|3|1|B0D0E1,0|3|1|B0D0E1,0|4|9|A2B2C5D0,0|2|1|A0B1,0|s,2|3|14|B2C10D2,0|s,0|s,0|s,5|3|15|A5B5C5,1|3|13|A11C1E1,2|s,5|s,0|4|12|M2N0O9Q1,4|5|21|A4B4C4D4E5,0|3|1|C0D1F0,0|3|4|M4N0Y0,0|s,0|s,2|s,0|s
Cyanothece_sp._PCC_7822,F,3,O,1|s,2|s,0|s,0|3|7|A4B3C0,3|s,0|3|0|B0C0D0,0|4|0|B0C0D0E0,0|3|1|A0B0C1,0|3|1|B0D0E1,0|3|1|B0D0E1,0|4|4|A1B1C2D0,0|2|0|A0B0,0|s,1|3|6|B1C4D1,0|s,0|s,1|s,2|3|6|A2B2C2,0|3|5|A4C0E1,1|s,2|s,0|4|6|M1N0O5Q0,1|5|9|A2B2C2D1E2,0|3|1|C0D1F0,0|3|1|M1N0Y0,0|s,0|s,1|s,0|s
Cyanothece_sp._PCC_8801,F,3,O,1|s,2|s,0|s,0|3|10|A5B5C0,1|s,0|3|0|B0C0D0,1|4|5|B1C1D1E2,0|3|0|A0B0C0,0|3|0|B0D0E0,0|3|1|B0D0E1,0|4|5|A2B1C2D0,0|2|0|A0B0,0|s,1|3|4|B1C2D1,0|s,0|s,0|s,3|3|9|A3B3C3,0|3|4|A3C0E1,1|s,3|s,0|4|5|M1N0O4Q0,2|5|14|A3B3C3D2E3,0|3|1|C0D1F0,0|3|1|M1N0Y0,0|s,0|s,1|s,0|s
Cyanothece_sp._PCC_8802,F,3,O,1|s,2|s,0|s,0|3|9|A4B5C0,1|s,0|3|0|B0C0D0,1|4|5|B1C1D1E2,0|3|0|A0B0C0,0|3|0|B0D0E0,0|3|1|B0D0E1,0|4|5|A2B1C2D0,0|2|0|A0B0,0|s,1|3|4|B1C2D1,0|s,0|s,0|s,3|3|9|A3B3C3,0|3|5|A4C0E1,1|s,3|s,0|4|5|M1N0O4Q0,3|5|15|A3B3C3D3E3,0|3|1|C0D1F0,0|3|1|M1N0Y0,0|s,0|s,1|s,0|s
Cylindrospermopsis_raciborskii_CS-505,F,18,F,1|s,1|s,0|s,0|3|3|A1B2C0,0|s,0|3|1|B0C1D0,0|4|1|B0C0D0E1,0|3|0|A0B0C0,0|3|0|B0D0E0,0|3|3|B0D0E3,0|4|2|A0B0C2D0,0|2|0|A0B0,0|s,1|3|4|B1C2D1,0|s,0|s,1|s,2|3|6|A2B2C2,0|3|2|A1C0E1,0|s,2|s,0|4|4|M1N0O3Q0,2|5|11|A2B2C2D3E2,0|3|1|C0D1F0,0|3|1|M1N0Y0,0|s,0|s,1|s,0|s
Cylindrospermopsis_raciborskii_UNSW_506,F,18,F,1|s,1|s,0|s,0|3|2|A0B2C0,0|s,0|3|1|B0C1D0,0|4|1|B0C0D0E1,0|3|0|A0B0C0,0|3|0|B0D0E0,0|3|1|B0D0E1,0|4|2|A0B0C2D0,0|2|0|A0B0,0|s,0|3|3|B1C2D0,0|s,0|s,1|s,1|3|7|A3B1C3,0|3|2|A1C0E1,0|s,2|s,0|4|4|M1N0O3Q0,1|5|9|A1B2C2D2E2,0|3|0|C0D0F0,0|3|0|M0N0Y0,0|s,0|s,1|s,0|s
Dactylococcopsis_salina_PCC_8305,F,0,N,1|s,3|s,0|s,0|3|5|A2B3C0,0|s,0|3|0|B0C0D0,0|4|2|B0C0D1E1,0|3|1|A0B0C1,0|3|0|B0D0E0,0|3|0|B0D0E0,0|4|4|A1B1C2D0,0|2|1|A0B1,0|s,1|3|6|B1C4D1,0|s,0|s,0|s,3|3|9|A3B3C3,0|3|1|A0C0E1,0|s,2|s,0|4|4|M0N0O3Q1,2|5|10|A2B2C2D2E2,0|3|1|C0D1F0,0|3|1|M1N0Y0,0|s,0|s,1|s,0|s
Dolichospermum_circinale_AWQC310F,F,0,N,1|s,1|s,0|s,0|3|1|A0B1C0,0|s,0|3|1|B0C1D0,0|4|0|B0C0D0E0,0|3|2|A0B0C2,0|3|1|B0D0E1,0|3|0|B0D0E0,0|4|0|A0B0C0D0,0|2|0|A0B0,0|s,1|3|4|B1C2D1,0|s,0|s,0|s,1|3|6|A1B2C3,0|3|4|A3C0E1,0|s,1|s,0|4|5|M1N0O4Q0,2|5|10|A2B2C2D2E2,0|3|1|C0D1F0,0|3|0|M0N0Y0,0|s,0|s,1|s,0|s
Geminocystis_herdmanii_PCC_6308,F,0,N,1|s,2|s,0|s,0|3|10|A5B5C0,1|s,0|3|0|B0C0D0,1|4|5|B2C1D1E1,0|3|1|A0B0C1,0|3|0|B0D0E0,0|3|0|B0D0E0,0|4|5|A1B1C3D0,1|2|2|A1B1,0|s,1|3|4|B1C2D1,0|s,0|s,0|s,3|3|9|A3B3C3,0|3|2|A0C0E2,0|s,2|s,0|4|5|M1N0O3Q1,2|5|13|A3B3C3D2E2,0|3|1|C0D1F0,0|3|0|M0N0Y0,0|s,0|s,1|s,0|s
Halothece_sp._PCC_7418,F,0,N,1|s,3|s,0|s,0|3|12|A5B7C0,1|s,0|3|1|B0C0D1,1|4|4|B1C1D1E1,0|3|1|A0B0C1,0|3|0|B0D0E0,0|3|0|B0D0E0,0|4|4|A1B1C2D0,2|2|5|A2B3,0|s,1|3|5|B1C3D1,0|s,0|s,0|s,3|3|9|A3B3C3,0|3|3|A2C0E1,0|s,2|s,0|4|5|M1N0O4Q0,2|5|11|A2B2C2D2E3,0|3|1|C0D1F0,0|3|3|M3N0Y0,0|s,0|s,1|s,0|s
Leptolyngbya_boryana_PCC_6306,F,1,O,1|s,8|s,0|s,3|3|18|A8B7C3,0|s,0|3|2|B1C0D1,1|4|9|B4C2D2E1,0|3|5|A0B0C5,1|3|3|B1D1E1,0|3|1|B0D0E1,0|4|5|A1B1C3D0,0|2|0|A0B0,0|s,1|3|7|B1C5D1,0|s,0|s,1|s,3|3|9|A3B3C3,0|3|7|A5C0E2,0|s,3|s,0|4|5|M1N0O4Q0,2|5|15|A4B3C3D2E3,0|3|1|C0D1F0,0|3|3|M3N0Y0,0|s,0|s,1|s,0|s
Leptolyngbya_sp._2LT21S03,M,1,O,1|s,1|s,0|s,0|3|4|A1B3C0,0|s,0|3|0|B0C0D0,0|4|3|B1C0D1E1,0|3|5|A0B1C4,0|3|1|B0D0E1,0|3|2|B0D0E2,0|4|3|A1B1C1D0,0|2|0|A0B0,0|s,1|3|3|B1C1D1,0|s,0|s,0|s,2|3|7|A2B3C2,0|3|3|A2C0E1,0|s,3|s,0|4|4|M1N0O2Q1,3|5|18|A4B4C4D3E3,0|3|0|C0D0F0,0|3|0|M0N0Y0,0|s,0|s,0|s,1|s
Leptolyngbya_sp._PCC_6406,F,1,O,1|s,2|s,0|s,0|3|5|A3B2C0,0|s,0|3|0|B0C0D0,0|4|1|B1C0D0E0,1|3|5|A2B2C1,1|3|4|B1D1E2,0|3|0|B0D0E0,0|4|5|A0B0C5D0,1|2|2|A1B1,0|s,1|3|5|B1C3D1,0|s,0|s,0|s,1|3|7|A3B3C1,0|3|6|A4C0E2,0|s,2|s,0|4|4|M0N0O4Q0,3|5|17|A4B3C3D3E4,0|3|1|C0D1F0,0|3|1|M1N0Y0,0|s,0|s,1|s,0|s
Lyngbya_majuscula_3L,M,19,F,1|s,3|s,0|s,1|3|6|A2B3C1,0|s,0|3|1|B0C1D0,0|4|0|B0C0D0E0,0|3|1|A0B0C1,0|3|0|B0D0E0,0|3|1|B0D0E1,0|4|3|A1B1C1D0,0|2|1|A0B1,0|s,1|3|4|B1C2D1,0|s,0|s,0|s,2|3|7|A3B2C2,0|3|2|A1C0E1,0|s,2|s,0|4|4|M1N0O2Q1,3|5|18|A5B3C3D4E3,0|3|0|C0D0F0,0|3|3|M3N0Y0,0|s,0|s,0|s,0|s
Lyngbya_sp._PCC_8106,M,19,F,1|s,4|s,0|s,1|3|8|A5B2C1,1|s,0|3|0|B0C0D0,0|4|0|B0C0D0E0,0|3|3|A0B0C3,0|3|0|B0D0E0,0|3|0|B0D0E0,0|4|4|A1B1C2D0,0|2|1|A0B1,0|s,1|3|4|B1C2D1,0|s,0|s,0|s,3|3|9|A3B3C3,0|3|4|A3C0E1,1|s,3|s,0|4|4|M0N0O4Q0,3|5|18|A4B3C3D4E4,0|3|1|C0D1F0,0|3|0|M0N0Y0,0|s,0|s,1|s,1|s
Microcystis_aeruginosa_DIANCHI905,F,403,F,1|s,3|s,0|s,0|3|5|A3B2C0,0|s,0|3|0|B0C0D0,0|4|0|B0C0D0E0,0|3|1|A0B0C1,0|3|0|B0D0E0,0|3|0|B0D0E0,0|4|3|A1B1C1D0,1|2|2|A1B1,0|s,1|3|7|B2C4D1,0|s,0|s,0|s,2|3|6|A2B2C2,0|3|4|A3C0E1,2|s,2|s,0|4|4|M1N0O3Q0,2|5|14|A3B3C3D3E2,0|3|1|C0D1F0,0|3|1|M1N0Y0,0|s,0|s,1|s,0|s
Microcystis_aeruginosa_NIES-843,F,403,F,1|s,3|s,0|s,0|3|4|A3B1C0,0|s,0|3|0|B0C0D0,0|4|0|B0C0D0E0,0|3|2|A0B0C2,0|3|0|B0D0E0,0|3|1|B0D0E1,0|4|3|A1B1C1D0,1|2|2|A1B1,0|s,1|3|6|B1C4D1,0|s,0|s,0|s,2|3|6|A2B2C2,0|3|4|A4C0E0,2|s,2|s,0|4|5|M1N0O4Q0,2|5|13|A3B3C3D2E2,0|3|1|C0D1F0,0|3|1|M1N0Y0,0|s,0|s,1|s,0|s
Microcystis_aeruginosa_PCC_7941,F,403,F,1|s,3|s,0|s,0|3|5|A3B2C0,0|s,0|3|0|B0C0D0,0|4|0|B0C0D0E0,0|3|2|A0B0C2,0|3|0|B0D0E0,0|3|1|B0D0E1,0|4|3|A1B1C1D0,1|2|2|A1B1,0|s,1|3|6|B1C4D1,0|s,0|s,0|s,2|3|6|A2B2C2,0|3|4|A4C0E0,2|s,2|s,0|4|6|M1N0O5Q0,2|5|13|A3B3C3D2E2,0|3|1|C0D1F0,0|3|1|M1N0Y0,0|s,0|s,1|s,0|s
Microcystis_aeruginosa_PCC_9432,F,403,F,1|s,3|s,0|s,0|3|5|A3B2C0,0|s,0|3|0|B0C0D0,0|4|0|B0C0D0E0,0|3|2|A0B0C2,0|3|0|B0D0E0,0|3|0|B0D0E0,0|4|3|A1B1C1D0,1|2|2|A1B1,0|s,1|3|6|B1C4D1,0|s,0|s,0|s,2|3|6|A2B2C2,0|3|3|A3C0E0,2|s,2|s,0|4|6|M1N0O5Q0,2|5|14|A3B3C3D3E2,0|3|1|C0D1F0,0|3|2|M2N0Y0,0|s,0|s,1|s,0|s
Microcystis_aeruginosa_PCC_9443,F,403,F,1|s,3|s,0|s,0|3|6|A3B3C0,0|s,0|3|0|B0C0D0,0|4|0|B0C0D0E0,0|3|2|A0B0C2,0|3|0|B0D0E0,0|3|0|B0D0E0,0|4|3|A1B1C1D0,1|2|2|A1B1,0|s,1|3|5|B1C3D1,0|s,0|s,0|s,2|3|6|A2B2C2,0|3|5|A5C0E0,2|s,1|s,0|4|5|M1N0O4Q0,2|5|12|A2B3C3D2E2,0|3|1|C0D1F0,0|3|1|M1N0Y0,0|s,0|s,1|s,0|s
Microcystis_aeruginosa_PCC_9701,F,403,F,1|s,3|s,0|s,0|3|7|A3B4C0,0|s,0|3|0|B0C0D0,0|4|0|B0C0D0E0,0|3|2|A0B0C2,0|3|0|B0D0E0,0|3|0|B0D0E0,0|4|3|A1B1C1D0,1|2|2|A1B1,0|s,1|3|7|B1C5D1,0|s,0|s,0|s,2|3|6|A2B2C2,0|3|2|A2C0E0,2|s,2|s,0|4|5|M0N0O5Q0,2|5|13|A3B3C3D2E2,0|3|1|C0D1F0,0|3|1|M1N0Y0,0|s,0|s,1|s,0|s
Microcystis_aeruginosa_PCC_9717,F,403,F,1|s,3|s,0|s,0|3|6|A3B3C0,0|s,0|3|0|B0C0D0,0|4|0|B0C0D0E0,0|3|2|A0B0C2,0|3|0|B0D0E0,0|3|1|B0D0E1,0|4|3|A1B1C1D0,1|2|2|A1B1,0|s,1|3|8|B1C6D1,0|s,0|s,0|s,2|3|6|A2B2C2,0|3|4|A4C0E0,2|s,2|s,0|4|5|M1N0O4Q0,2|5|13|A3B3C3D2E2,0|3|1|C0D1F0,0|3|0|M0N0Y0,0|s,0|s,1|s,0|s
Microcystis_aeruginosa_PCC_9806,F,403,F,1|s,3|s,0|s,0|3|6|A3B3C0,0|s,0|3|0|B0C0D0,0|4|0|B0C0D0E0,0|3|1|A0B0C1,0|3|0|B0D0E0,0|3|1|B0D0E1,0|4|3|A1B1C1D0,0|2|1|A1B0,0|s,1|3|8|B1C6D1,0|s,0|s,0|s,2|3|6|A2B2C2,0|3|3|A3C0E0,2|s,2|s,0|4|5|M1N0O4Q0,2|5|13|A3B3C3D2E2,0|3|1|C0D1F0,0|3|1|M1N0Y0,0|s,0|s,1|s,0|s
Microcystis_aeruginosa_PCC_9807,F,403,F,1|s,3|s,0|s,0|3|6|A3B3C0,0|s,0|3|0|B0C0D0,0|4|0|B0C0D0E0,0|3|2|A0B0C2,0|3|0|B0D0E0,0|3|0|B0D0E0,0|4|3|A1B1C1D0,1|2|2|A1B1,0|s,1|3|7|B1C5D1,0|s,0|s,0|s,2|3|6|A2B2C2,0|3|6|A5C1E0,2|s,2|s,0|4|6|M1N0O5Q0,2|5|13|A3B3C3D2E2,0|3|1|C0D1F0,0|3|1|M1N0Y0,0|s,0|s,1|s,0|s
Microcystis_aeruginosa_PCC_9808,F,403,F,1|s,3|s,0|s,0|3|5|A3B2C0,0|s,0|3|0|B0C0D0,0|4|0|B0C0D0E0,0|3|2|A0B0C2,0|3|0|B0D0E0,0|3|1|B0D0E1,0|4|3|A1B1C1D0,1|2|2|A1B1,0|s,1|3|6|B1C4D1,0|s,0|s,0|s,2|3|6|A2B2C2,0|3|5|A5C0E0,2|s,2|s,0|4|5|M1N0O4Q0,2|5|12|A2B3C3D2E2,0|3|1|C0D1F0,0|3|2|M2N0Y0,0|s,0|s,1|s,0|s
Microcystis_aeruginosa_PCC_9809,F,403,F,1|s,3|s,0|s,0|3|5|A3B2C0,0|s,0|3|0|B0C0D0,0|4|0|B0C0D0E0,0|3|2|A0B0C2,0|3|0|B0D0E0,0|3|1|B0D0E1,0|4|3|A1B1C1D0,1|2|2|A1B1,0|s,1|3|6|B1C4D1,0|s,0|s,0|s,2|3|6|A2B2C2,0|3|4|A4C0E0,2|s,2|s,0|4|4|M1N0O3Q0,2|5|13|A3B3C3D2E2,0|3|1|C0D1F0,0|3|1|M1N0Y0,0|s,0|s,1|s,0|s
Microcystis_aeruginosa_TAIHU98,F,403,F,1|s,3|s,0|s,0|3|5|A3B2C0,0|s,0|3|0|B0C0D0,0|4|0|B0C0D0E0,0|3|2|A0B0C2,0|3|0|B0D0E0,0|3|0|B0D0E0,0|4|3|A1B1C1D0,1|2|2|A1B1,0|s,1|3|6|B1C4D1,0|s,0|s,0|s,2|3|6|A2B2C2,0|3|4|A4C0E0,2|s,2|s,0|4|4|M1N0O3Q0,2|5|14|A3B3C3D3E2,0|3|1|C0D1F0,0|3|1|M1N0Y0,0|s,0|s,1|s,0|s
Microcystis_sp._T1-4,F,403,F,1|s,3|s,0|s,0|3|6|A3B3C0,0|s,0|3|0|B0C0D0,0|4|0|B0C0D0E0,0|3|2|A0B0C2,0|3|0|B0D0E0,0|3|1|B0D0E1,0|4|3|A1B1C1D0,0|2|0|A0B0,0|s,1|3|5|B1C3D1,0|s,0|s,0|s,2|3|6|A2B2C2,0|3|3|A3C0E0,2|s,2|s,0|4|5|M1N0O4Q0,2|5|13|A2B3C3D3E2,0|3|1|C0D1F0,0|3|1|M1N0Y0,0|s,0|s,1|s,0|s
Myxosarcina_sp._GI1,M,0,N,1|s,7|s,0|s,0|3|14|A8B6C0,5|s,0|3|0|B0C0D0,0|4|0|B0C0D0E0,0|3|4|A0B1C3,0|3|1|B0D0E1,0|3|1|B0D0E1,0|4|4|A1B1C2D0,0|2|0|A0B0,0|s,1|3|6|B1C4D1,0|s,0|s,0|s,4|3|12|A4B4C4,1|3|10|A8C1E1,0|s,2|s,0|4|8|M1N0O6Q1,2|5|14|A3B3C3D3E2,0|3|0|C0D0F0,0|3|0|M0N0Y0,0|s,0|s,1|s,0|s
Nodularia_spumigena_CCY9414,M,4,O,1|s,3|s,0|s,1|3|10|A5B4C1,1|s,0|3|1|B0C1D0,1|4|7|B2C1D2E2,1|3|5|A2B1C2,0|3|2|B0D0E2,0|3|1|B0D0E1,0|4|1|A0B0C1D0,0|2|0|A0B0,0|s,1|3|3|B1C1D1,0|s,0|s,0|s,2|3|7|A2B2C3,0|3|5|A3C0E2,0|s,3|s,0|4|4|M1N0O3Q0,2|5|13|A2B2C3D4E2,0|3|2|C0D2F0,0|3|0|M0N0Y0,0|s,0|s,1|s,0|s
Nostoc_sp._PCC_7107,F,4,O,1|s,4|s,0|s,0|3|6|A4B2C0,0|s,0|3|0|B0C0D0,1|4|7|B4C1D1E1,0|3|2|A0B0C2,1|3|5|B1D1E3,0|3|0|B0D0E0,0|4|0|A0B0C0D0,0|2|0|A0B0,0|s,1|3|3|B1C1D1,0|s,0|s,1|s,3|3|10|A3B3C4,0|3|5|A3C0E2,0|s,2|s,0|4|2|M0N0O2Q0,2|5|10|A2B2C2D2E2,0|3|1|C0D1F0,0|3|0|M0N0Y0,0|s,0|s,1|s,0|s
Nostoc_sp._PCC_7120,F,4,O,1|s,6|s,0|s,1|3|11|A4B6C1,0|s,1|3|4|B1C2D1,1|4|20|B17C1D1E1,1|3|5|A1B1C3,1|3|7|B2D1E4,1|3|3|B1D1E1,0|4|1|A0B0C1D0,0|2|0|A0B0,0|s,1|3|4|B1C2D1,0|s,0|s,0|s,2|3|7|A2B2C3,0|3|5|A3C0E2,0|s,3|s,0|4|4|M1N0O3Q0,2|5|14|A3B3C3D3E2,0|3|3|C0D3F0,0|3|1|M1N0Y0,0|s,0|s,1|s,0|s
Nostoc_sp._PCC_7524,F,4,O,1|s,4|s,0|s,0|3|7|A5B2C0,1|s,0|3|0|B0C0D0,1|4|12|B9C1D1E1,0|3|2|A0B0C2,1|3|6|B3D1E2,1|3|3|B1D1E1,0|4|1|A0B0C1D0,0|2|1|A0B1,0|s,1|3|7|B1C5D1,0|s,0|s,0|s,2|3|7|A2B2C3,0|3|7|A5C0E2,0|s,3|s,0|4|6|M1N0O5Q0,2|5|11|A2B2C2D3E2,0|3|1|C0D1F0,0|3|1|M1N0Y0,0|s,0|s,1|s,0|s
Oscillatoria_formosa_PCC_6407,F,15,F,1|s,2|s,0|s,1|3|7|A3B3C1,0|s,0|3|0|B0C0D0,0|4|1|B0C0D0E1,0|3|5|A0B0C5,0|3|1|B0D0E1,0|3|2|B0D0E2,0|4|4|A1B1C2D0,1|2|3|A1B2,0|s,1|3|4|B1C2D1,0|s,0|s,0|s,3|3|10|A4B3C3,0|3|3|A2C0E1,1|s,2|s,0|4|5|M0N0O5Q0,2|5|11|A2B2C2D2E3,0|3|1|C0D1F0,0|3|0|M0N0Y0,0|s,0|s,1|s,0|s
Oscillatoria_nigro-viridis_PCC_7112,F,15,F,1|s,7|s,0|s,3|3|15|A9B3C3,0|s,0|3|0|B0C0D0,0|4|1|B0C0D0E1,0|3|3|A0B0C3,1|3|3|B1D1E1,0|3|2|B0D0E2,0|4|5|A1B1C3D0,0|2|0|A0B0,0|s,1|3|3|B1C1D1,0|s,0|s,0|s,2|3|6|A2B2C2,1|3|5|A3C1E1,0|s,2|s,0|4|5|M1N0O4Q0,2|5|14|A3B3C3D3E2,0|3|1|C0D1F0,0|3|0|M0N0Y0,0|s,0|s,1|s,0|s
Planktothrix_agardhii_NIVA-CYA_126/8,F,41,F,1|s,3|s,0|s,0|3|1|A1B0C0,0|s,0|3|0|B0C0D0,0|4|0|B0C0D0E0,0|3|2|A0B0C2,0|3|0|B0D0E0,0|3|0|B0D0E0,0|4|4|A1B1C2D0,0|2|0|A0B0,0|s,1|3|4|B1C2D1,0|s,0|s,0|s,3|3|9|A3B3C3,0|3|2|A2C0E0,1|s,2|s,0|4|6|M1N0O5Q0,3|5|15|A3B3C3D3E3,0|3|1|C0D1F0,0|3|0|M0N0Y0,0|s,0|s,1|s,0|s
Planktothrix_agardhii_NIVA-CYA_15,F,40,F,1|s,2|s,0|s,1|3|4|A2B1C1,0|s,0|3|0|B0C0D0,0|4|0|B0C0D0E0,0|3|2|A0B0C2,0|3|1|B0D0E1,0|3|0|B0D0E0,0|4|4|A1B1C2D0,0|2|0|A0B0,0|s,1|3|3|B1C1D1,0|s,0|s,0|s,2|3|6|A2B2C2,0|3|3|A3C0E0,1|s,2|s,0|4|5|M1N0O4Q0,3|5|15|A3B3C3D3E3,0|3|1|C0D1F0,0|3|0|M0N0Y0,0|s,0|s,1|s,0|s
Planktothrix_agardhii_NIVA-CYA_34,F,40,F,1|s,3|s,0|s,0|3|1|A1B0C0,0|s,0|3|0|B0C0D0,0|4|0|B0C0D0E0,0|3|2|A0B0C2,0|3|1|B0D0E1,0|3|1|B0D0E1,0|4|4|A1B1C2D0,0|2|0|A0B0,0|s,1|3|4|B1C2D1,0|s,0|s,0|s,2|3|6|A2B2C2,0|3|3|A3C0E0,1|s,2|s,0|4|5|M1N0O4Q0,3|5|15|A3B3C3D3E3,0|3|1|C0D1F0,0|3|0|M0N0Y0,0|s,0|s,1|s,0|s
Planktothrix_agardhii_NIVA-CYA_56/3,F,40,F,1|s,3|s,0|s,1|3|4|A2B1C1,0|s,0|3|0|B0C0D0,0|4|0|B0C0D0E0,0|3|2|A0B0C2,0|3|1|B0D0E1,0|3|1|B0D0E1,0|4|5|A1B1C3D0,0|2|0|A0B0,0|s,1|3|4|B1C2D1,0|s,0|s,0|s,2|3|6|A2B2C2,0|3|3|A3C0E0,1|s,2|s,0|4|5|M1N0O4Q0,3|5|15|A3B3C3D3E3,0|3|1|C0D1F0,0|3|0|M0N0Y0,0|s,0|s,1|s,0|s
Planktothrix_mougeotii_NIVA-CYA_405,F,40,F,1|s,3|s,0|s,0|3|1|A1B0C0,0|s,0|3|0|B0C0D0,0|4|0|B0C0D0E0,0|3|2|A0B0C2,0|3|1|B0D0E1,0|3|1|B0D0E1,0|4|4|A1B1C2D0,0|2|0|A0B0,0|s,1|3|4|B1C2D1,0|s,0|s,0|s,2|3|6|A2B2C2,0|3|3|A3C0E0,1|s,2|s,0|4|5|M1N0O4Q0,3|5|15|A3B3C3D3E3,0|3|1|C0D1F0,0|3|0|M0N0Y0,0|s,0|s,1|s,0|s
Planktothrix_prolifica_NIVA-CYA_406,F,40,F,1|s,3|s,0|s,1|3|4|A2B1C1,0|s,0|3|0|B0C0D0,0|4|0|B0C0D0E0,0|3|2|A0B0C2,0|3|1|B0D0E1,0|3|0|B0D0E0,0|4|5|A1B1C3D0,0|2|0|A0B0,0|s,1|3|4|B1C2D1,0|s,0|s,0|s,3|3|9|A3B3C3,0|3|3|A3C0E0,1|s,2|s,0|4|5|M1N0O4Q0,3|5|15|A3B3C3D3E3,0|3|0|C0D0F0,0|3|0|M0N0Y0,0|s,0|s,1|s,0|s
Planktothrix_prolifica_NIVA-CYA_540,F,40,F,1|s,3|s,0|s,0|3|1|A1B0C0,0|s,0|3|0|B0C0D0,0|4|0|B0C0D0E0,0|3|2|A0B0C2,0|3|1|B0D0E1,0|3|1|B0D0E1,0|4|4|A1B1C2D0,0|2|0|A0B0,0|s,1|3|4|B1C2D1,0|s,0|s,0|s,2|3|6|A2B2C2,0|3|3|A3C0E0,1|s,2|s,0|4|5|M1N0O4Q0,3|5|15|A3B3C3D3E3,0|3|1|C0D1F0,0|3|0|M0N0Y0,0|s,0|s,1|s,0|s
Planktothrix_rubescens_NIVA-CYA_407,F,40,F,1|s,3|s,0|s,1|3|4|A2B1C1,0|s,0|3|0|B0C0D0,0|4|0|B0C0D0E0,0|3|2|A0B0C2,0|3|1|B0D0E1,0|3|0|B0D0E0,0|4|4|A1B1C2D0,0|2|0|A0B0,0|s,1|3|4|B1C2D1,0|s,0|s,0|s,3|3|9|A3B3C3,0|3|3|A3C0E0,1|s,2|s,0|4|5|M1N0O4Q0,3|5|15|A3B3C3D3E3,0|3|1|C0D1F0,0|3|0|M0N0Y0,0|s,0|s,1|s,0|s
Planktothrix_rubescens_NIVA-CYA_98,F,40,F,1|s,3|s,0|s,1|3|4|A2B1C1,0|s,0|3|0|B0C0D0,0|4|0|B0C0D0E0,0|3|2|A0B0C2,0|3|1|B0D0E1,0|3|0|B0D0E0,0|4|5|A1B1C3D0,0|2|0|A0B0,0|s,1|3|4|B1C2D1,0|s,0|s,0|s,3|3|9|A3B3C3,0|3|3|A3C0E0,1|s,2|s,0|4|5|M1N0O4Q0,3|5|15|A3B3C3D3E3,0|3|0|C0D0F0,0|3|0|M0N0Y0,0|s,0|s,1|s,0|s
Pleurocapsa_sp._PCC_7319,F,0,N,1|s,2|s,0|s,0|3|11|A7B4C0,0|s,0|3|0|B0C0D0,0|4|1|B0C0D0E1,0|3|1|A0B0C1,0|3|0|B0D0E0,0|3|1|B0D0E1,0|4|5|A1B2C2D0,0|2|0|A0B0,0|s,1|3|5|B1C3D1,0|s,0|s,0|s,3|3|9|A3B3C3,1|3|6|A3C2E1,1|s,2|s,0|4|5|M1N0O3Q1,2|5|14|A4B3C3D2E2,0|3|1|C0D1F0,0|3|0|M0N0Y0,0|s,0|s,1|s,0|s
Prochlorococcus_marinus_bv._HNLC1,M,0,N,3|s,2|s,0|s,0|3|0|A0B0C0,0|s,0|3|0|B0C0D0,0|4|0|B0C0D0E0,0|3|0|A0B0C0,0|3|0|B0D0E0,0|3|2|B0D0E2,0|4|9|A5B3C1D0,0|2|0|A0B0,0|s,2|3|21|B10C9D2,0|s,0|s,0|s,2|3|11|A4B5C2,0|3|2|A0C0E2,0|s,4|s,0|4|0|M0N0O0Q0,0|5|12|A1B2C4D0E5,0|3|1|C0D1F0,0|3|1|M1N0Y0,0|s,0|s,0|s,0|s
Prochlorococcus_marinus_str._EQPAC1,M,0,N,1|s,1|s,0|s,0|3|0|A0B0C0,0|s,0|3|0|B0C0D0,0|4|0|B0C0D0E0,0|3|0|A0B0C0,0|3|0|B0D0E0,0|3|0|B0D0E0,0|4|3|A1B1C1D0,0|2|0|A0B0,0|s,0|3|4|B1C3D0,0|s,0|s,0|s,1|3|5|A2B2C1,0|3|1|A0C0E1,0|s,2|s,0|4|0|M0N0O0Q0,0|5|5|A1B1C1D0E2,0|3|0|C0D0F0,0|3|2|M2N0Y0,0|s,0|s,0|s,0|s
Prochlorococcus_marinus_str._GP2,M,0,N,1|s,1|s,0|s,0|3|0|A0B0C0,0|s,0|3|0|B0C0D0,0|4|0|B0C0D0E0,0|3|0|A0B0C0,0|3|0|B0D0E0,0|3|0|B0D0E0,0|4|3|A1B1C1D0,0|2|0|A0B0,0|s,0|3|2|B1C1D0,0|s,0|s,0|s,1|3|5|A2B2C1,0|3|1|A0C0E1,0|s,2|s,0|4|0|M0N0O0Q0,0|5|5|A1B1C1D0E2,0|3|1|C0D1F0,0|3|1|M1N0Y0,0|s,0|s,0|s,0|s
Prochlorococcus_marinus_str._LG,M,0,N,1|s,1|s,0|s,0|3|0|A0B0C0,0|s,0|3|0|B0C0D0,0|4|0|B0C0D0E0,0|3|0|A0B0C0,0|3|0|B0D0E0,0|3|0|B0D0E0,0|4|3|A1B1C1D0,0|2|0|A0B0,0|s,1|3|3|B1C1D1,0|s,0|s,0|s,1|3|5|A2B2C1,0|3|1|A0C0E1,0|s,2|s,0|4|0|M0N0O0Q0,1|5|5|A1B1C1D1E1,0|3|1|C0D1F0,0|3|0|M0N0Y0,0|s,0|s,0|s,0|s
Prochlorococcus_marinus_str._MIT_9107,M,0,N,1|s,1|s,0|s,0|3|0|A0B0C0,0|s,0|3|0|B0C0D0,0|4|1|B0C0D0E1,0|3|0|A0B0C0,0|3|0|B0D0E0,0|3|0|B0D0E0,0|4|3|A1B1C1D0,0|2|0|A0B0,0|s,0|3|2|B1C1D0,0|s,0|s,0|s,1|3|5|A2B2C1,0|3|1|A0C0E1,0|s,2|s,0|4|0|M0N0O0Q0,0|5|5|A1B1C1D0E2,0|3|0|C0D0F0,0|3|1|M1N0Y0,0|s,0|s,0|s,0|s
Prochlorococcus_marinus_str._MIT_9116,M,0,N,1|s,1|s,0|s,0|3|0|A0B0C0,0|s,0|3|0|B0C0D0,0|4|1|B0C0D0E1,0|3|0|A0B0C0,0|3|0|B0D0E0,0|3|0|B0D0E0,0|4|3|A1B1C1D0,0|2|0|A0B0,0|s,0|3|2|B1C1D0,0|s,0|s,0|s,1|3|5|A2B2C1,0|3|1|A0C0E1,0|s,2|s,0|4|0|M0N0O0Q0,0|5|5|A1B1C1D0E2,0|3|0|C0D0F0,0|3|1|M1N0Y0,0|s,0|s,0|s,0|s
Prochlorococcus_marinus_str._MIT_9123,M,0,N,1|s,1|s,0|s,0|3|0|A0B0C0,0|s,0|3|0|B0C0D0,0|4|1|B0C0D0E1,0|3|0|A0B0C0,0|3|0|B0D0E0,0|3|0|B0D0E0,0|4|3|A1B1C1D0,0|2|0|A0B0,0|s,0|3|2|B1C1D0,0|s,0|s,0|s,1|3|5|A2B2C1,0|3|1|A0C0E1,0|s,2|s,0|4|0|M0N0O0Q0,0|5|5|A1B1C1D0E2,0|3|0|C0D0F0,0|3|1|M1N0Y0,0|s,0|s,0|s,0|s
Prochlorococcus_marinus_str._MIT_9201,M,0,N,1|s,1|s,0|s,0|3|0|A0B0C0,0|s,0|3|0|B0C0D0,0|4|0|B0C0D0E0,0|3|0|A0B0C0,1|3|3|B1D1E1,0|3|0|B0D0E0,0|4|3|A1B1C1D0,0|2|0|A0B0,0|s,0|3|2|B1C1D0,0|s,0|s,0|s,1|3|5|A2B2C1,0|3|1|A0C0E1,0|s,2|s,0|4|0|M0N0O0Q0,0|5|5|A1B1C1D0E2,0|3|2|C0D2F0,0|3|0|M0N0Y0,0|s,0|s,0|s,0|s
Prochlorococcus_marinus_str._MIT_9215,M,0,N,1|s,1|s,0|s,0|3|0|A0B0C0,0|s,0|3|0|B0C0D0,0|4|0|B0C0D0E0,0|3|0|A0B0C0,0|3|0|B0D0E0,0|3|0|B0D0E0,0|4|3|A1B1C1D0,0|2|0|A0B0,0|s,0|3|2|B1C1D0,0|s,0|s,0|s,1|3|5|A2B2C1,0|3|1|A0C0E1,0|s,2|s,0|4|0|M0N0O0Q0,0|5|5|A1B1C1D0E2,0|3|0|C0D0F0,0|3|2|M2N0Y0,0|s,0|s,0|s,0|s
Prochlorococcus_marinus_str._MIT_9302,M,0,N,1|s,1|s,0|s,0|3|0|A0B0C0,0|s,0|3|0|B0C0D0,0|4|0|B0C0D0E0,0|3|0|A0B0C0,0|3|0|B0D0E0,0|3|1|B0D0E1,0|4|3|A1B1C1D0,0|2|0|A0B0,0|s,0|3|2|B1C1D0,0|s,0|s,0|s,1|3|5|A2B2C1,0|3|1|A0C0E1,0|s,2|s,0|4|0|M0N0O0Q0,0|5|5|A1B1C1D0E2,0|3|1|C0D1F0,0|3|2|M2N0Y0,0|s,0|s,0|s,0|s
Prochlorococcus_marinus_str._MIT_9311,M,0,N,1|s,1|s,0|s,0|3|0|A0B0C0,0|s,0|3|0|B0C0D0,0|4|0|B0C0D0E0,0|3|0|A0B0C0,0|3|0|B0D0E0,0|3|0|B0D0E0,0|4|3|A1B1C1D0,0|2|0|A0B0,0|s,0|3|2|B1C1D0,0|s,0|s,0|s,1|3|5|A2B2C1,0|3|1|A0C0E1,0|s,2|s,0|4|0|M0N0O0Q0,0|5|5|A1B1C1D0E2,0|3|1|C0D1F0,0|3|1|M1N0Y0,0|s,0|s,0|s,0|s
Prochlorococcus_marinus_str._MIT_9313,M,0,N,1|s,1|s,0|s,0|3|1|A1B0C0,0|s,0|3|0|B0C0D0,0|4|0|B0C0D0E0,0|3|1|A0B0C1,0|3|0|B0D0E0,0|3|0|B0D0E0,0|4|3|A1B1C1D0,0|2|0|A0B0,0|s,1|3|4|B1C2D1,0|s,0|s,0|s,2|3|6|A2B2C2,0|3|1|A0C0E1,0|s,2|s,0|4|1|M0N0O1Q0,1|5|6|A1B1C1D1E2,0|3|1|C0D1F0,0|3|2|M2N0Y0,0|s,0|s,0|s,0|s
Prochlorococcus_marinus_str._MIT_9314,M,0,N,1|s,1|s,0|s,0|3|0|A0B0C0,0|s,0|3|0|B0C0D0,0|4|0|B0C0D0E0,0|3|0|A0B0C0,0|3|0|B0D0E0,0|3|0|B0D0E0,0|4|3|A1B1C1D0,0|2|0|A0B0,0|s,0|3|2|B1C1D0,0|s,0|s,0|s,1|3|5|A2B2C1,0|3|1|A0C0E1,0|s,2|s,0|4|1|M0N0O1Q0,0|5|5|A1B1C1D0E2,0|3|1|C0D1F0,0|3|1|M1N0Y0,0|s,0|s,0|s,0|s
Prochlorococcus_marinus_str._MIT_9321,M,0,N,1|s,1|s,0|s,0|3|0|A0B0C0,0|s,0|3|0|B0C0D0,0|4|1|B0C0D0E1,0|3|0|A0B0C0,0|3|0|B0D0E0,0|3|0|B0D0E0,0|4|3|A1B1C1D0,0|2|0|A0B0,0|s,0|3|2|B1C1D0,0|s,0|s,0|s,1|3|5|A2B2C1,0|3|1|A0C0E1,0|s,2|s,0|4|0|M0N0O0Q0,0|5|5|A1B1C1D0E2,0|3|1|C0D1F0,0|3|1|M1N0Y0,0|s,0|s,0|s,0|s
Prochlorococcus_marinus_str._MIT_9322,M,0,N,1|s,1|s,0|s,0|3|0|A0B0C0,0|s,0|3|0|B0C0D0,0|4|1|B0C0D0E1,0|3|0|A0B0C0,0|3|0|B0D0E0,0|3|0|B0D0E0,0|4|3|A1B1C1D0,0|2|0|A0B0,0|s,0|3|2|B1C1D0,0|s,0|s,0|s,1|3|5|A2B2C1,0|3|1|A0C0E1,0|s,2|s,0|4|0|M0N0O0Q0,0|5|5|A1B1C1D0E2,0|3|1|C0D1F0,0|3|1|M1N0Y0,0|s,0|s,0|s,0|s
Prochlorococcus_marinus_str._MIT_9401,M,0,N,1|s,1|s,0|s,0|3|0|A0B0C0,0|s,0|3|0|B0C0D0,0|4|1|B0C0D0E1,0|3|0|A0B0C0,0|3|0|B0D0E0,0|3|0|B0D0E0,0|4|3|A1B1C1D0,0|2|0|A0B0,0|s,0|3|2|B1C1D0,0|s,0|s,0|s,1|3|5|A2B2C1,0|3|1|A0C0E1,0|s,2|s,0|4|0|M0N0O0Q0,0|5|5|A1B1C1D0E2,0|3|1|C0D1F0,0|3|1|M1N0Y0,0|s,0|s,0|s,0|s
Prochlorococcus_marinus_str._PAC1,M,0,N,1|s,1|s,0|s,0|3|0|A0B0C0,0|s,0|3|0|B0C0D0,0|4|0|B0C0D0E0,0|3|1|A0B0C1,0|3|0|B0D0E0,0|3|0|B0D0E0,0|4|2|A1B1C0D0,0|2|0|A0B0,0|s,1|3|6|B1C4D1,0|s,0|s,0|s,1|3|5|A2B2C1,0|3|1|A0C0E1,0|s,2|s,0|4|0|M0N0O0Q0,1|5|6|A1B1C1D1E2,0|3|1|C0D1F0,0|3|0|M0N0Y0,0|s,0|s,0|s,0|s
Prochlorococcus_marinus_str._SB,M,0,N,1|s,1|s,0|s,0|3|0|A0B0C0,0|s,0|3|0|B0C0D0,0|4|0|B0C0D0E0,0|3|0|A0B0C0,0|3|0|B0D0E0,0|3|0|B0D0E0,0|4|3|A1B1C1D0,0|2|0|A0B0,0|s,0|3|2|B1C1D0,0|s,0|s,0|s,1|3|5|A2B2C1,0|3|1|A0C0E1,0|s,2|s,0|4|0|M0N0O0Q0,0|5|6|A1B1C1D0E3,0|3|1|C0D1F0,0|3|1|M1N0Y0,0|s,0|s,0|s,0|s
Prochlorococcus_marinus_str._SS2,M,0,N,1|s,1|s,0|s,0|3|0|A0B0C0,0|s,0|3|0|B0C0D0,0|4|0|B0C0D0E0,0|3|0|A0B0C0,0|3|0|B0D0E0,0|3|0|B0D0E0,0|4|3|A1B1C1D0,0|2|0|A0B0,0|s,1|3|3|B1C1D1,0|s,0|s,0|s,1|3|5|A2B2C1,0|3|1|A0C0E1,0|s,2|s,0|4|0|M0N0O0Q0,1|5|5|A1B1C1D1E1,0|3|1|C0D1F0,0|3|0|M0N0Y0,0|s,0|s,0|s,0|s
Prochlorococcus_marinus_str._SS35,M,0,N,1|s,1|s,0|s,0|3|0|A0B0C0,0|s,0|3|0|B0C0D0,0|4|0|B0C0D0E0,0|3|0|A0B0C0,0|3|0|B0D0E0,0|3|0|B0D0E0,0|4|3|A1B1C1D0,0|2|0|A0B0,0|s,1|3|3|B1C1D1,0|s,0|s,0|s,1|3|5|A2B2C1,0|3|1|A0C0E1,0|s,2|s,0|4|0|M0N0O0Q0,1|5|5|A1B1C1D1E1,0|3|1|C0D1F0,0|3|0|M0N0Y0,0|s,0|s,0|s,0|s
Prochlorococcus_marinus_str._SS51,M,0,N,1|s,1|s,0|s,0|3|0|A0B0C0,0|s,0|3|0|B0C0D0,0|4|0|B0C0D0E0,0|3|0|A0B0C0,0|3|0|B0D0E0,0|3|0|B0D0E0,0|4|3|A1B1C1D0,0|2|0|A0B0,0|s,1|3|3|B1C1D1,0|s,0|s,0|s,1|3|5|A2B2C1,0|3|1|A0C0E1,0|s,2|s,0|4|0|M0N0O0Q0,1|5|5|A1B1C1D1E1,0|3|1|C0D1F0,0|3|0|M0N0Y0,0|s,0|s,0|s,0|s
Prochlorococcus_sp._MIT_0601,M,0,N,1|s,1|s,0|s,0|3|0|A0B0C0,0|s,0|3|0|B0C0D0,0|4|0|B0C0D0E0,0|3|0|A0B0C0,0|3|0|B0D0E0,0|3|0|B0D0E0,0|4|3|A1B1C1D0,0|2|0|A0B0,0|s,1|3|3|B1C1D1,0|s,0|s,0|s,1|3|6|A2B3C1,0|3|1|A0C0E1,0|s,2|s,0|4|0|M0N0O0Q0,0|5|5|A1B1C1D0E2,0|3|1|C0D1F0,0|3|1|M1N0Y0,0|s,0|s,0|s,0|s
Prochlorococcus_sp._MIT_0602,M,0,N,1|s,1|s,0|s,0|3|0|A0B0C0,0|s,0|3|0|B0C0D0,0|4|0|B0C0D0E0,0|3|0|A0B0C0,0|3|1|B0D0E1,0|3|0|B0D0E0,0|4|3|A1B1C1D0,0|2|0|A0B0,0|s,1|3|3|B1C1D1,0|s,0|s,0|s,2|3|6|A2B2C2,0|3|1|A0C0E1,0|s,2|s,0|4|0|M0N0O0Q0,1|5|5|A1B1C1D1E1,0|3|0|C0D0F0,0|3|0|M0N0Y0,0|s,0|s,0|s,0|s
Prochlorococcus_sp._MIT_0603,M,0,N,1|s,1|s,0|s,0|3|0|A0B0C0,0|s,0|3|0|B0C0D0,0|4|0|B0C0D0E0,0|3|0|A0B0C0,0|3|1|B0D0E1,0|3|0|B0D0E0,0|4|3|A1B1C1D0,0|2|0|A0B0,0|s,1|3|3|B1C1D1,0|s,0|s,0|s,2|3|6|A2B2C2,0|3|1|A0C0E1,0|s,2|s,0|4|0|M0N0O0Q0,1|5|5|A1B1C1D1E1,0|3|0|C0D0F0,0|3|0|M0N0Y0,0|s,0|s,0|s,0|s
Prochlorococcus_sp._MIT_0604,M,0,N,1|s,1|s,0|s,0|3|0|A0B0C0,0|s,0|3|0|B0C0D0,0|4|1|B0C0D0E1,0|3|0|A0B0C0,0|3|0|B0D0E0,0|3|0|B0D0E0,0|4|3|A1B1C1D0,0|2|0|A0B0,0|s,0|3|2|B1C1D0,0|s,0|s,0|s,1|3|5|A2B2C1,0|3|1|A0C0E1,0|s,2|s,0|4|0|M0N0O0Q0,0|5|5|A1B1C1D0E2,0|3|0|C0D0F0,0|3|1|M1N0Y0,0|s,0|s,0|s,0|s
Prochlorococcus_sp._MIT_0701,M,0,N,1|s,1|s,0|s,0|3|1|A1B0C0,0|s,0|3|0|B0C0D0,0|4|0|B0C0D0E0,0|3|1|A0B0C1,0|3|0|B0D0E0,0|3|0|B0D0E0,0|4|3|A1B1C1D0,0|2|0|A0B0,0|s,1|3|4|B1C2D1,0|s,0|s,0|s,2|3|6|A2B2C2,0|3|1|A0C0E1,0|s,2|s,0|4|1|M0N0O1Q0,1|5|6|A1B1C1D1E2,0|3|1|C0D1F0,0|3|1|M1N0Y0,0|s,0|s,0|s,0|s
Prochlorococcus_sp._MIT_0702,M,0,N,1|s,1|s,0|s,0|3|1|A1B0C0,0|s,0|3|0|B0C0D0,0|4|0|B0C0D0E0,0|3|1|A0B0C1,0|3|0|B0D0E0,0|3|0|B0D0E0,0|4|3|A1B1C1D0,0|2|0|A0B0,0|s,1|3|4|B1C2D1,0|s,0|s,0|s,2|3|6|A2B2C2,0|3|1|A0C0E1,0|s,2|s,0|4|1|M0N0O1Q0,1|5|6|A1B1C1D1E2,0|3|1|C0D1F0,0|3|1|M1N0Y0,0|s,0|s,0|s,0|s
Prochlorococcus_sp._MIT_0703,M,0,N,1|s,1|s,0|s,0|3|1|A1B0C0,0|s,0|3|0|B0C0D0,0|4|0|B0C0D0E0,0|3|1|A0B0C1,0|3|0|B0D0E0,0|3|0|B0D0E0,0|4|3|A1B1C1D0,0|2|0|A0B0,0|s,1|3|4|B1C2D1,0|s,0|s,0|s,2|3|6|A2B2C2,0|3|1|A0C0E1,0|s,2|s,0|4|1|M0N0O1Q0,1|5|6|A1B1C1D1E2,0|3|1|C0D1F0,0|3|1|M1N0Y0,0|s,0|s,0|s,0|s
Prochlorococcus_sp._MIT_0801,M,0,N,1|s,1|s,0|s,0|3|0|A0B0C0,0|s,0|3|0|B0C0D0,0|4|0|B0C0D0E0,0|3|1|A0B0C1,0|3|0|B0D0E0,0|3|0|B0D0E0,0|4|2|A1B1C0D0,0|2|0|A0B0,0|s,1|3|5|B1C3D1,0|s,0|s,0|s,1|3|5|A2B2C1,0|3|1|A0C0E1,0|s,2|s,0|4|0|M0N0O0Q0,1|5|6|A1B1C1D1E2,0|3|1|C0D1F0,0|3|0|M0N0Y0,0|s,0|s,0|s,0|s
Prochlorococcus_sp._SS52,M,0,N,1|s,1|s,0|s,0|3|0|A0B0C0,0|s,0|3|0|B0C0D0,0|4|0|B0C0D0E0,0|3|0|A0B0C0,0|3|0|B0D0E0,0|3|0|B0D0E0,0|4|3|A1B1C1D0,0|2|0|A0B0,0|s,1|3|3|B1C1D1,0|s,0|s,0|s,1|3|5|A2B2C1,0|3|1|A0C0E1,0|s,2|s,0|4|0|M0N0O0Q0,1|5|5|A1B1C1D1E1,0|3|1|C0D1F0,0|3|0|M0N0Y0,0|s,0|s,0|s,0|s
Prochlorothrix_hollandica_PCC_9006,F,0,N,1|s,2|s,0|s,1|3|6|A2B3C1,0|s,0|3|0|B0C0D0,1|4|4|B1C1D1E1,0|3|0|A0B0C0,0|3|0|B0D0E0,0|3|2|B0D0E2,0|4|4|A0B1C2D1,0|2|0|A0B0,0|s,1|3|3|B1C1D1,0|s,0|s,0|s,2|3|6|A2B2C2,0|3|2|A1C0E1,0|s,2|s,0|4|3|M0N0O3Q0,3|5|16|A3B3C3D3E4,0|3|1|C0D1F0,0|3|1|M1N0Y0,0|s,0|s,1|s,0|s
Raphidiopsis_brookii_D9,F,1,O,1|s,1|s,0|s,0|3|3|A1B2C0,0|s,0|3|0|B0C0D0,0|4|1|B0C0D0E1,0|3|0|A0B0C0,0|3|0|B0D0E0,0|3|2|B0D0E2,0|4|1|A0B0C1D0,0|2|0|A0B0,0|s,1|3|3|B1C1D1,0|s,0|s,0|s,2|3|7|A2B2C3,1|3|3|A1C1E1,0|s,1|s,0|4|4|M1N0O3Q0,2|5|11|A2B2C2D3E2,0|3|1|C0D1F0,0|3|0|M0N0Y0,0|s,0|s,1|s,0|s
Rivularia_sp._PCC_7116,M,0,N,1|s,5|s,0|s,1|3|16|A7B8C1,2|s,0|3|1|B0C0D1,1|4|5|B2C1D1E1,1|3|5|A2B1C2,0|3|2|B0D0E2,1|3|3|B1D1E1,0|4|2|A0B0C2D0,0|2|0|A0B0,0|s,1|3|5|B1C3D1,0|s,0|s,0|s,2|3|7|A2B2C3,0|3|4|A2C0E2,1|s,3|s,0|4|5|M1N0O4Q0,2|5|11|A3B2C2D2E2,0|3|1|C0D1F0,0|3|0|M0N0Y0,0|s,0|s,1|s,0|s
Rubidibacter_lacunae_KORDI_51-2,F,0,N,1|s,2|s,0|s,0|3|4|A2B2C0,1|s,0|3|1|B0C1D0,1|4|6|B2C2D1E1,0|3|1|A0B0C1,0|3|1|B0D0E1,0|3|1|B0D0E1,0|4|2|A1B1C0D0,0|2|0|A0B0,0|s,1|3|3|B1C1D1,0|s,0|s,1|s,3|3|9|A3B3C3,0|3|2|A1C0E1,0|s,2|s,0|4|5|M1N0O3Q1,2|5|11|A2B2C2D3E2,0|3|0|C0D0F0,0|3|1|M1N0Y0,0|s,0|s,1|s,0|s
Spirulina_major_PCC_6313,F,0,N,1|s,2|s,0|s,0|3|5|A3B2C0,2|s,0|3|0|B0C0D0,0|4|0|B0C0D0E0,0|3|2|A0B0C2,0|3|0|B0D0E0,0|3|0|B0D0E0,0|4|5|A1B1C3D0,0|2|1|A0B1,0|s,1|3|5|B1C3D1,0|s,0|s,0|s,2|3|6|A2B2C2,0|3|2|A1C0E1,0|s,2|s,0|4|6|M0N0O5Q1,2|5|16|A2B3C3D3E5,0|3|0|C0D0F0,0|3|1|M1N0Y0,0|s,0|s,1|s,0|s
Spirulina_subsalsa_PCC_9445,F,0,N,1|s,2|s,0|s,1|3|10|A4B5C1,0|s,0|3|0|B0C0D0,0|4|0|B0C0D0E0,0|3|3|A0B0C3,0|3|0|B0D0E0,0|3|0|B0D0E0,0|4|3|A1B1C1D0,0|2|0|A0B0,0|s,1|3|4|B1C2D1,0|s,0|s,0|s,2|3|6|A2B2C2,0|3|4|A2C0E2,0|s,2|s,0|4|5|M0N0O4Q1,2|5|11|A2B2C2D2E3,0|3|1|C0D1F0,0|3|2|M2N0Y0,0|s,0|s,1|s,1|s
Stanieria_cyanosphaera_PCC_7437,F,9,O,1|s,5|s,0|s,0|3|10|A5B5C0,5|s,0|3|1|B0C1D0,1|4|4|B1C1D1E1,0|3|2|A0B0C2,0|3|0|B0D0E0,0|3|0|B0D0E0,0|4|5|A1B1C3D0,0|2|0|A0B0,0|s,1|3|4|B1C2D1,0|s,0|s,0|s,2|3|6|A2B2C2,0|3|6|A4C0E2,0|s,3|s,0|4|3|M1N0O2Q0,2|5|13|A3B3C3D2E2,0|3|0|C0D0F0,0|3|0|M0N0Y0,0|s,0|s,1|s,0|s
Synechococcus_elongatus_PCC_7942,M,9,O,1|s,2|s,0|s,0|3|2|A2B0C0,0|s,0|3|0|B0C0D0,0|4|0|B0C0D0E0,0|3|1|A0B0C1,0|3|1|B0D0E1,0|3|1|B0D0E1,0|4|4|A2B1C1D0,0|2|0|A0B0,0|s,1|3|4|B1C2D1,0|s,0|s,0|s,2|3|6|A2B2C2,0|3|2|A1C0E1,1|s,2|s,0|4|2|M0N0O2Q0,1|5|11|A2B2C2D1E4,0|3|0|C0D0F0,0|3|0|M0N0Y0,0|s,0|s,1|s,0|s
Synechococcus_sp._CC9616,M,9,O,1|s,1|s,0|s,0|3|2|A2B0C0,0|s,0|3|0|B0C0D0,0|4|0|B0C0D0E0,0|3|0|A0B0C0,0|3|0|B0D0E0,0|3|0|B0D0E0,0|4|4|A1B1C2D0,0|2|0|A0B0,0|s,1|3|3|B1C1D1,0|s,0|s,1|s,2|3|8|A3B2C3,0|3|1|A0C0E1,0|s,2|s,0|4|1|M0N0O1Q0,1|5|6|A1B1C1D1E2,0|3|1|C0D1F0,0|3|0|M0N0Y0,0|s,0|s,0|s,0|s
Synechococcus_sp._CC9902,M,9,O,1|s,1|s,0|s,0|3|0|A0B0C0,0|s,0|3|0|B0C0D0,0|4|0|B0C0D0E0,0|3|1|A0B0C1,0|3|0|B0D0E0,0|3|0|B0D0E0,0|4|3|A1B1C1D0,0|2|0|A0B0,0|s,1|3|5|B1C3D1,0|s,0|s,0|s,2|3|6|A2B2C2,0|3|1|A0C0E1,0|s,2|s,0|4|0|M0N0O0Q0,1|5|5|A1B1C1D1E1,0|3|1|C0D1F0,0|3|1|M1N0Y0,0|s,0|s,0|s,0|s
Synechococcus_sp._KORDI-100,M,9,O,1|s,1|s,0|s,0|3|2|A2B0C0,0|s,0|3|0|B0C0D0,0|4|0|B0C0D0E0,0|3|0|A0B0C0,0|3|0|B0D0E0,0|3|0|B0D0E0,0|4|4|A1B1C2D0,0|2|1|A0B1,0|s,1|3|4|B1C2D1,0|s,0|s,1|s,2|3|6|A2B2C2,0|3|1|A0C0E1,0|s,2|s,0|4|0|M0N0O0Q0,1|5|5|A1B1C1D1E1,0|3|1|C0D1F0,0|3|0|M0N0Y0,0|s,0|s,0|s,0|s
Synechococcus_sp._KORDI-49,M,9,O,1|s,1|s,0|s,0|3|1|A0B1C0,0|s,0|3|0|B0C0D0,0|4|0|B0C0D0E0,0|3|1|A0B0C1,0|3|0|B0D0E0,0|3|0|B0D0E0,0|4|4|A2B1C1D0,0|2|0|A0B0,0|s,1|3|5|B1C3D1,0|s,0|s,0|s,2|3|6|A2B2C2,0|3|1|A0C0E1,0|s,2|s,0|4|1|M0N0O1Q0,1|5|5|A1B1C1D1E1,0|3|0|C0D0F0,0|3|0|M0N0Y0,0|s,0|s,0|s,0|s
Synechococcus_sp._KORDI-52,M,9,O,1|s,1|s,0|s,0|3|2|A1B1C0,0|s,0|3|0|B0C0D0,0|4|0|B0C0D0E0,0|3|0|A0B0C0,0|3|0|B0D0E0,0|3|1|B0D0E1,0|4|5|A1B1C3D0,0|2|0|A0B0,0|s,1|3|5|B1C3D1,0|s,0|s,0|s,2|3|6|A2B2C2,0|3|1|A0C0E1,0|s,1|s,0|4|0|M0N0O0Q0,1|5|5|A1B1C1D1E1,0|3|0|C0D0F0,0|3|0|M0N0Y0,0|s,0|s,0|s,0|s
Synechococcus_sp._WH_8016,M,9,O,1|s,1|s,0|s,0|3|2|A2B0C0,0|s,0|3|0|B0C0D0,0|4|1|B0C0D0E1,0|3|0|A0B0C0,0|3|0|B0D0E0,0|3|0|B0D0E0,0|4|3|A1B1C1D0,0|2|0|A0B0,0|s,1|3|3|B1C1D1,0|s,0|s,0|s,2|3|6|A2B2C2,0|3|1|A0C0E1,0|s,2|s,0|4|0|M0N0O0Q0,1|5|6|A1B1C1D1E2,0|3|1|C0D1F0,0|3|0|M0N0Y0,0|s,0|s,0|s,0|s
Synechococcus_sp._WH_8102,M,9,O,1|s,1|s,0|s,0|3|0|A0B0C0,0|s,0|3|0|B0C0D0,0|4|0|B0C0D0E0,0|3|0|A0B0C0,0|3|0|B0D0E0,0|3|0|B0D0E0,0|4|4|A1B1C2D0,0|2|0|A0B0,0|s,1|3|5|B1C3D1,0|s,0|s,0|s,3|3|9|A3B3C3,0|3|1|A0C0E1,0|s,2|s,0|4|0|M0N0O0Q0,1|5|5|A1B1C1D1E1,0|3|1|C0D1F0,0|3|0|M0N0Y0,0|s,0|s,0|s,0|s
Synechocystis_sp._PCC_6803,F,2,O,1|s,3|s,0|s,1|3|8|A4B3C1,0|s,0|3|0|B0C0D0,1|4|8|B4C1D1E2,0|3|2|A1B0C1,0|3|0|B0D0E0,0|3|1|B0D0E1,1|4|5|A1B2C1D1,0|2|1|A0B1,0|s,1|3|4|B1C2D1,0|s,0|s,0|s,2|3|6|A2B2C2,1|3|6|A4C1E1,1|s,2|s,0|4|3|M1N0O2Q0,1|5|8|A2B2C2D1E1,0|3|0|C0D0F0,0|3|1|M1N0Y0,0|s,0|s,1|s,0|s
Trichodesmium_erythraeum_21-75,M,16,F,1|s,2|s,0|s,0|3|2|A2B0C0,0|s,0|3|0|B0C0D0,0|4|1|B0C0D0E1,0|3|0|A0B0C0,0|3|0|B0D0E0,0|3|1|B0D0E1,0|4|5|A1B1C3D0,0|2|1|A0B1,0|s,1|3|4|B1C2D1,0|s,0|s,0|s,2|3|6|A2B2C2,0|3|3|A2C0E1,0|s,2|s,0|4|3|M0N0O2Q1,2|5|12|A3B2C2D2E3,0|3|1|C0D1F0,0|3|0|M0N0Y0,0|s,0|s,1|s,0|s
Trichodesmium_erythraeum_IMS101,M,16,F,1|s,2|s,0|s,0|3|2|A2B0C0,1|s,0|3|0|B0C0D0,0|4|1|B0C0D0E1,0|3|0|A0B0C0,0|3|0|B0D0E0,0|3|1|B0D0E1,0|4|5|A1B1C3D0,0|2|1|A0B1,0|s,1|3|5|B1C3D1,0|s,0|s,0|s,2|3|6|A2B2C2,0|3|3|A2C0E1,0|s,2|s,0|4|3|M0N0O2Q1,2|5|13|A4B2C2D2E3,0|3|1|C0D1F0,0|3|0|M0N0Y0,0|s,0|s,1|s,0|s
Xenococcus_sp._PCC_7305,M,0,N,1|s,3|s,0|s,0|3|10|A5B5C0,3|s,0|3|1|B0C1D0,1|4|4|B1C1D1E1,0|3|0|A0B0C0,0|3|0|B0D0E0,0|3|1|B0D0E1,0|4|4|A1B1C2D0,0|2|0|A0B0,0|s,1|3|4|B1C2D1,0|s,0|s,0|s,3|3|9|A3B3C3,0|3|2|A1C0E1,1|s,2|s,0|4|2|M0N0O2Q0,2|5|13|A3B3C3D2E2,0|3|1|C0D1F0,0|3|1|M1N0Y0,0|s,0|s,0|s,0|s
,,,,,,,,,,,,,,,,,,,,,,,,,,,,,,,,
,,,,,,,,,,,,,,,,,,,,,,,,,,,,,,,,
,,,,,,,,,,,,,,,,,,,,,,,,,,,,,,,,
MalEFGK/MalFGK2,Maltose ABC transporter,,,,,,,,,,,,,,,,,,,,,,,,,,,,,,,
MalT,Maltose transporter activaor,,,,,,,,,,,,,,,,,,,,,,,,,,,,,,,
LamB,Outer membrane sugar porin for maltose and other maltodextrins,,,,,,,,,,,,,,,,,,,,,,,,,,,,,,,
Ybfm,Outer membrane porin,,,,,,,,,,,,,,,,,,,,,,,,,,,,,,,
NgcEFG,N-acetyl-glucosamine transporter,,,,,,,,,,,,,,,,,,,,,,,,,,,,,,,
Acs,Acetyl-CoA synthetase,,,,,,,,,,,,,,,,,,,,,,,,,,,,,,,
NagE,PTS for N-acetyl-glucosamine,,,,,,,,,,,,,,,,,,,,,,,,,,,,,,,
NagA,N-acetyl-glucosamine-6-phosphate deacetylase,,,,,,,,,,,,,,,,,,,,,,,,,,,,,,,
NagB,Glucosamine-6-phosphate deaminase,,,,,,,,,,,,,,,,,,,,,,,,,,,,,,,
RfbBA,lipopolysaccharide,,,,,,,,,,,,,,,,,,,,,,,,,,,,,,,
AglEFGK,Glucoside,,,,,,,,,,,,,,,,,,,,,,,,,,,,,,,
ChiEFG,Chitobiose,,,,,,,,,,,,,,,,,,,,,,,,,,,,,,,
